Plot,CEGL,Alliance,Group,MacroG
004-05-0154,CEGL003663,A3305,G190,M007
004-03-0153,CEGL003663,A3305,G190,M007
108-KIMO-0020,CEGL007216,A3232,G031,M305
103-COWP-0010,CEGL007216,A3232,G031,M305
105-NISI-0002,CEGL004638,A3232,G031,M305
105-NISI-0004,CEGL004638,A3232,G031,M305
118-42-0556,CEGL007521,A3231,G031,M305
141-01-0022,CEGL007521,A3231,G031,M305
118-42-0519,CEGL007521,A3231,G031,M305
141-01-0017,CEGL007521,A3231,G031,M305
105-NISI-0010,CEGL008462,A3231,G031,M305
118-42-0058,CEGL008462,A3231,G031,M305
118-42-0056,CEGL008462,A3231,G031,M305
103-COWP-0001,CEGL008462,A3231,G031,M305
118-42-0093,CEGL008462,A3231,G031,M305
105-NISI-0008,CEGL008462,A3231,G031,M305
118-42-0077,CEGL008462,A3231,G031,M305
118-42-0054,CEGL008462,A3231,G031,M305
141-01-0024,CEGL008462,A3231,G031,M305
103-COWP-0004,CEGL008462,A3231,G031,M305
105-NISI-0006,CEGL008462,A3231,G031,M305
118-42-0528,CEGL008462,A3231,G031,M305
105-NISI-0005,CEGL008462,A3231,G031,M305
141-01-0016,CEGL008462,A3231,G031,M305
019-01-0028,CEGL008462,A3231,G031,M305
019-01-0020,CEGL008462,A3231,G031,M305
118-42-0551,CEGL008462,A3231,G031,M305
118-42-0532,CEGL007114,A3231,G031,M305
118-42-0570,CEGL006011,A3231,G031,M305
118-42-0531,CEGL006011,A3231,G031,M305
118-42-0525,CEGL006011,A3231,G031,M305
118-42-0078,CEGL006011,A3231,G031,M305
118-42-0036,CEGL006011,A3231,G031,M305
118-42-0006,CEGL006011,A3231,G031,M305
118-42-0539,CEGL006011,A3231,G031,M305
141-01-0015,CEGL006011,A3231,G031,M305
118-42-0569,CEGL006011,A3231,G031,M305
118-42-0562,CEGL006011,A3231,G031,M305
118-42-0557,CEGL006011,A3231,G031,M305
103-COWP-0006,CEGL006011,A3231,G031,M305
118-42-0055,CEGL006011,A3231,G031,M305
118-42-0564,CEGL006011,A3231,G031,M305
118-42-0075,CEGL006011,A3231,G031,M305
118-42-0034,CEGL006011,A3231,G031,M305
118-42-0059,CEGL006011,A3231,G031,M305
118-42-0044,CEGL006011,A3231,G031,M305
118-42-0523,CEGL006011,A3231,G031,M305
118-42-0541,CEGL006011,A3231,G031,M305
118-42-0070,CEGL006011,A3231,G031,M305
118-42-0050,CEGL006011,A3231,G031,M305
118-42-0063,CEGL006011,A3231,G031,M305
118-42-0060,CEGL006011,A3231,G031,M305
085-FPMR-0003,CEGL003620,A3231,G031,M305
129-04-1500,CEGL004539,A2059,G166,M008
089-06-1225,CEGL004539,A2059,G166,M008
059-03-0856,CEGL004539,A2059,G166,M008
085-KERR-0042,CEGL008466,A3265,G020,M883
105-NISI-0011,CEGL008466,A3265,G020,M883
085-LUNE-0006,CEGL008466,A3265,G020,M883
019-01-0004,CEGL008466,A3265,G020,M883
052-03-0809,CEGL008466,A3265,G020,M883
085-KERR-0009,CEGL008466,A3265,G020,M883
085-LUNE-0010,CEGL008466,A3265,G020,M883
085-KERR-0026,CEGL008466,A3265,G020,M883
120-01-1435,CEGL008466,A3265,G020,M883
129-06-1510,CEGL008466,A3265,G020,M883
118-42-0583,CEGL008466,A3265,G020,M883
019-01-0026,CEGL008466,A3265,G020,M883
085-LUNE-0013,CEGL008466,A3265,G020,M883
085-KERR-0043,CEGL008466,A3265,G020,M883
128-03-1472,CEGL008466,A3265,G020,M883
085-KERR-0008,CEGL008466,A3265,G020,M883
138-08-1620,CEGL008466,A3265,G020,M883
089-09-1227,CEGL008466,A3265,G020,M883
128-08-1470,CEGL008466,A3265,G020,M883
111-02-1350,CEGL008466,A3265,G020,M883
120-10-1434,CEGL008466,A3265,G020,M883
138-05-1621,CEGL008466,A3265,G020,M883
120-03-1431,CEGL008466,A3265,G020,M883
085-KERR-0041,CEGL008466,A3265,G020,M883
089-05-1227,CEGL008466,A3265,G020,M883
046-04-0668,CEGL008466,A3265,G020,M883
082-01-1107,CEGL008466,A3265,G020,M883
059-03-0853,CEGL008466,A3265,G020,M883
052-08-0802,CEGL008466,A3265,G020,M883
134-04-1543,CEGL008466,A3265,G020,M883
129-06-1500,CEGL008466,A3265,G020,M883
085-FPMR-0018,CEGL008466,A3265,G020,M883
138-12-1622,CEGL008466,A3265,G020,M883
129-03-1500,CEGL008466,A3265,G020,M883
105-NISI-0012,CEGL008466,A3265,G020,M883
136-01-0007,CEGL008466,A3265,G020,M883
128-08-1472,CEGL008466,A3265,G020,M883
085-SRSP-0002,CEGL008466,A3265,G020,M883
118-42-0506,CEGL008466,A3265,G020,M883
134-02-1542,CEGL008466,A3265,G020,M883
120-07-1437,CEGL008466,A3265,G020,M883
135-08-1600,CEGL008466,A3265,G020,M883
136-01-0008,CEGL008466,A3265,G020,M883
128-06-1472,CEGL008466,A3265,G020,M883
108-KIMO-0018,CEGL008466,A3265,G020,M883
128-06-1474,CEGL008466,A3265,G020,M883
085-FPMR-0019,CEGL008466,A3265,G020,M883
120-04-1434,CEGL008466,A3265,G020,M883
053-01-0110,CEGL008466,A3265,G020,M883
058-08-0027,CEGL008466,A3265,G020,M883
085-BRUN-0008,CEGL008466,A3265,G020,M883
120-08-1431,CEGL008466,A3265,G020,M883
085-BRUN-0009,CEGL008466,A3265,G020,M883
085-BRUN-0010,CEGL008466,A3265,G020,M883
129-01-1500,CEGL008466,A3265,G020,M883
138-09-1622,CEGL008466,A3265,G020,M883
129-01-1501,CEGL008466,A3265,G020,M883
138-09-1620,CEGL008466,A3265,G020,M883
118-42-0505,CEGL008466,A3265,G020,M883
129-05-1500,CEGL008466,A3265,G020,M883
141-01-0032,CEGL008466,A3265,G020,M883
138-07-1620,CEGL008465,A3265,G020,M883
138-04-1623,CEGL008465,A3265,G020,M883
089-04-1229,CEGL008465,A3265,G020,M883
134-04-1540,CEGL008465,A3265,G020,M883
019-01-0027,CEGL008465,A3265,G020,M883
138-12-1623,CEGL008465,A3265,G020,M883
138-05-1620,CEGL008465,A3265,G020,M883
138-10-1620,CEGL008465,A3265,G020,M883
111-06-1357,CEGL008465,A3265,G020,M883
138-04-1625,CEGL008465,A3265,G020,M883
120-07-1432,CEGL008465,A3265,G020,M883
134-07-1544,CEGL008465,A3265,G020,M883
129-06-1502,CEGL008465,A3265,G020,M883
053-01-0122,CEGL008465,A3265,G020,M883
141-01-0003,CEGL008465,A3265,G020,M883
141-01-0004,CEGL008465,A3265,G020,M883
118-42-0560,CEGL008465,A3265,G020,M883
004-05-0157,CEGL008465,A3265,G020,M883
053-01-0101,CEGL008465,A3265,G020,M883
099-06-0001,CEGL008465,A3265,G020,M883
134-09-1542,CEGL008465,A3265,G020,M883
111-04-1355,CEGL008465,A3265,G020,M883
138-08-1621,CEGL008465,A3265,G020,M883
138-04-1620,CEGL008465,A3265,G020,M883
138-12-1620,CEGL008465,A3265,G020,M883
053-01-0119,CEGL008465,A3265,G020,M883
089-01-1230,CEGL008465,A3265,G020,M883
059-05-0852,CEGL008465,A3265,G020,M883
053-01-0104,CEGL008465,A3265,G020,M883
129-07-1503,CEGL008465,A3265,G020,M883
053-01-0124,CEGL008465,A3265,G020,M883
120-06-1438,CEGL008465,A3265,G020,M883
118-42-0509,CEGL008465,A3265,G020,M883
129-06-1505,CEGL008465,A3265,G020,M883
141-01-0006,CEGL008465,A3265,G020,M883
134-02-1541,CEGL008465,A3265,G020,M883
129-01-1506,CEGL008465,A3265,G020,M883
134-12-1543,CEGL008465,A3265,G020,M883
120-10-1433,CEGL008465,A3265,G020,M883
118-42-0030,CEGL008465,A3265,G020,M883
141-01-0019,CEGL008465,A3265,G020,M883
138-02-1622,CEGL008465,A3265,G020,M883
053-01-0117,CEGL008465,A3265,G020,M883
129-01-1509,CEGL008465,A3265,G020,M883
129-04-1512,CEGL008465,A3265,G020,M883
134-12-1542,CEGL008465,A3265,G020,M883
053-01-0121,CEGL008465,A3265,G020,M883
053-01-0102,CEGL008465,A3265,G020,M883
138-04-1624,CEGL008465,A3265,G020,M883
103-COWP-0017,CEGL006227,A3265,G020,M883
085-MADS-0032,CEGL008412,A0235,G020,M883
085-HALI-0001,CEGL008412,A0235,G020,M883
085-SCRU-0004,CEGL008412,A0235,G020,M883
085-BESP-0005,CEGL008412,A0235,G020,M883
085-SCRU-0002,CEGL008412,A0235,G020,M883
085-SCRU-0003,CEGL008412,A0235,G020,M883
085-TURK-0001,CEGL008412,A0235,G020,M883
085-TURK-0003,CEGL008412,A0235,G020,M883
085-TURK-0005,CEGL008412,A0235,G020,M883
085-TURK-0037,CEGL008412,A0235,G020,M883
085-TURK-0038,CEGL008412,A0235,G020,M883
085-TURK-0042,CEGL008412,A0235,G020,M883
085-FRAN-0015,CEGL008412,A0235,G020,M883
085-BBRP-0001,CEGL008412,A0235,G020,M883
085-FLUV-0016,CEGL008412,A0235,G020,M883
085-TURK-0008,CEGL008412,A0235,G020,M883
085-TURK-0010,CEGL008412,A0235,G020,M883
085-CUMB-0001,CEGL008412,A0235,G020,M883
085-SCRU-0001,CEGL008412,A0235,G020,M883
085-LOUD-0001,CEGL008412,A0235,G020,M883
085-LOUD-0002,CEGL008412,A0235,G020,M883
085-MADS-0001,CEGL008412,A0235,G020,M883
085-JRSP-0001,CEGL008412,A0235,G020,M883
085-NAKE-0003P,CEGL007710,A0235,G020,M883
085-BULL-0007R,CEGL006186,A0235,G020,M883
085-MONF-0002,CEGL006186,A0235,G020,M883
085-WATM-0013,CEGL006186,A0235,G020,M883
085-ABSF-0005,CEGL006186,A0235,G020,M883
085-BULL-0008,CEGL006186,A0235,G020,M883
085-BULL-0004,CEGL006186,A0235,G020,M883
085-BULL-0007P,CEGL006186,A0235,G020,M883
085-BULL-0062,CEGL006186,A0235,G020,M883
085-BULL-0059R,CEGL006186,A0235,G020,M883
085-BULL-0059P,CEGL006186,A0235,G020,M883
085-FRAN-0006,CEGL006186,A0235,G020,M883
085-HENY-0004,CEGL006186,A0235,G020,M883
085-PWFP-0023,CEGL006186,A0235,G020,M883
085-BWNM-0005,CEGL006186,A0235,G020,M883
085-MONF-0004,CEGL006186,A0235,G020,M883
085-BULL-0063,CEGL006186,A0235,G020,M883
085-BWNM-0004,CEGL006186,A0235,G020,M883
085-WATM-0011,CEGL006186,A0235,G020,M883
085-APCO-0004,CEGL006186,A0235,G020,M883
085-BULL-0009,CEGL006186,A0235,G020,M883
085-WATM-0034,CEGL006186,A0235,G020,M883
085-BWNM-0002,CEGL006186,A0235,G020,M883
085-APCO-0006,CEGL006186,A0235,G020,M883
085-AMHE-0004,CEGL006186,A0235,G020,M883
085-WATM-0002,CEGL006186,A0235,G020,M883
085-PWFP-0031,CEGL006186,A0235,G020,M883
046-05-0661,CEGL007291,A0235,G020,M883
052-02-0804,CEGL007543,A3304,G020,M883
085-BLRP-0131,CEGL007543,A3304,G020,M883
085-FSSP-0001,CEGL007543,A3304,G020,M883
046-03-0661,CEGL007543,A3304,G020,M883
077-06-0056,CEGL007543,A3304,G020,M883
052-04-0812,CEGL007543,A3304,G020,M883
094-01-0131,CEGL007543,A3304,G020,M883
085-BULL-0026P,CEGL008512,A3304,G020,M883
085-BULL-0026R,CEGL008512,A3304,G020,M883
085-PWFP-0003P,CEGL006474,A3304,G020,M883
085-ALBE-0015,CEGL006474,A3304,G020,M883
085-MNBP-0018,CEGL006474,A3304,G020,M883
085-MADS-0015,CEGL006474,A3304,G020,M883
085-LASP-0003,CEGL006474,A3304,G020,M883
085-FAIR-0040,CEGL006474,A3304,G020,M883
085-FHRP-0003,CEGL006474,A3304,G020,M883
085-JRSP-0006,CEGL006474,A3304,G020,M883
085-JRSP-0004,CEGL006474,A3304,G020,M883
085-BULL-0033,CEGL006474,A3304,G020,M883
085-LUNE-0007,CEGL006474,A3304,G020,M883
085-FAIR-0035,CEGL006474,A3304,G020,M883
085-SCRU-0020,CEGL006474,A3304,G020,M883
085-JRSP-0005,CEGL006474,A3304,G020,M883
085-LUNE-0008,CEGL006474,A3304,G020,M883
085-SCRU-0031,CEGL006474,A3304,G020,M883
085-PWFP-0008,CEGL006474,A3304,G020,M883
085-PWFP-0005P,CEGL006474,A3304,G020,M883
085-PWFP-0009P,CEGL006474,A3304,G020,M883
085-PWFP-0011,CEGL006474,A3304,G020,M883
085-MADS-0011,CEGL006471,A4126,G742,M883
085-MADS-0033,CEGL006471,A4126,G742,M883
085-SCRU-0029,CEGL006471,A4126,G742,M883
085-TURK-0049,CEGL006471,A4126,G742,M883
085-TURK-0048,CEGL006471,A4126,G742,M883
085-TURK-0014,CEGL006471,A4126,G742,M883
085-SCRU-0030,CEGL006471,A4126,G742,M883
085-BBRP-0003,CEGL008517,A3303,G742,M883
085-LOUD-0018,CEGL008517,A3303,G742,M883
085-MNBP-0017,CEGL004793,A2047,G016,M502
085-MADS-0010,CEGL008449,A3312,G906,M502
085-MADS-0020,CEGL008449,A3312,G906,M502
085-NELS-0003,CEGL008540,A3312,G906,M502
085-NELS-0004,CEGL008540,A3312,G906,M502
085-BEDF-0005,CEGL008540,A3312,G906,M502
085-GRAS-0008P,CEGL008540,A3312,G906,M502
085-GRAS-0003P,CEGL008540,A3312,G906,M502
085-MADS-0013,CEGL006209,A4436,G650,M502
085-GFNP-0030,CEGL006209,A4436,G650,M502
085-MADS-0007,CEGL006209,A4436,G650,M502
085-GFNP-0016,CEGL006209,A4436,G650,M502
085-GFNP-0006,CEGL006209,A4436,G650,M502
085-FAIR-0017,CEGL006216,A4436,G650,M502
085-FAIR-0028,CEGL006216,A4436,G650,M502
085-FAIR-0024,CEGL006216,A4436,G650,M502
085-FAIR-0023,CEGL006216,A4436,G650,M502
085-FAIR-0022,CEGL006216,A4436,G650,M502
085-LOUD-0011,CEGL006216,A4436,G650,M502
085-FAIR-0020,CEGL006216,A4436,G650,M502
085-FAIR-0041,CEGL006216,A4436,G650,M502
085-FAIR-0018,CEGL006216,A4436,G650,M502
085-WATM-0004,CEGL006216,A4436,G650,M502
085-FAIR-0016,CEGL006216,A4436,G650,M502
085-FAIR-0012,CEGL006216,A4436,G650,M502
085-FAIR-0011,CEGL006216,A4436,G650,M502
085-FAIR-0010,CEGL006216,A4436,G650,M502
085-FAIR-0009,CEGL006216,A4436,G650,M502
085-FAIR-0008,CEGL006216,A4436,G650,M502
085-CRSF-0003,CEGL006216,A4436,G650,M502
085-CRSF-0005,CEGL006216,A4436,G650,M502
085-CULP-0005,CEGL006216,A4436,G650,M502
085-CULP-0006,CEGL006216,A4436,G650,M502
085-FAIR-0007,CEGL006216,A4436,G650,M502
085-FAIR-0032,CEGL006216,A4436,G650,M502
085-PHWM-0010,CEGL006216,A4436,G650,M502
085-FAIR-0019,CEGL006216,A4436,G650,M502
085-MNBP-0010,CEGL006216,A4436,G650,M502
085-FAIR-0042,CEGL006216,A4436,G650,M502
085-CRSF-0004,CEGL006216,A4436,G650,M502
085-MNBP-0012,CEGL006216,A4436,G650,M502
085-MNBP-0008,CEGL006216,A4436,G650,M502
085-MNBP-0007,CEGL006216,A4436,G650,M502
085-MNBP-0014,CEGL006216,A4436,G650,M502
085-WATM-0010,CEGL006216,A4436,G650,M502
085-FAIR-0006,CEGL006216,A4436,G650,M502
085-MNBP-0024,CEGL006216,A4436,G650,M502
085-LOUD-0014,CEGL006216,A4436,G650,M502
085-WATM-0022,CEGL006216,A4436,G650,M502
085-MNBP-0015,CEGL006216,A4436,G650,M502
085-MNBP-0022,CEGL006216,A4436,G650,M502
085-MNBP-0031,CEGL006216,A4436,G650,M502
085-MNBP-0032,CEGL006216,A4436,G650,M502
085-WATM-0019,CEGL006216,A4436,G650,M502
085-WATM-0057,CEGL006216,A4436,G650,M502
085-WATM-0027,CEGL006216,A4436,G650,M502
085-FAIR-0021,CEGL006216,A4436,G650,M502
085-PHWM-0001,CEGL006216,A4436,G650,M502
085-FAIR-0002,CEGL006216,A4436,G650,M502
085-FAIR-0005,CEGL006216,A4436,G650,M502
085-WATM-0047,CEGL006216,A4436,G650,M502
085-GRAS-0002P,CEGL008515,A4436,G650,M502
085-GRAS-0001P,CEGL008515,A4436,G650,M502
085-GRAS-0005P,CEGL008515,A4436,G650,M502
085-GRAS-0006P,CEGL008515,A4436,G650,M502
085-GRAS-0007P,CEGL008515,A4436,G650,M502
085-GRAS-0004P,CEGL008515,A4436,G650,M502
085-WATM-0015,CEGL008514,A4436,G650,M502
085-FRAN-0010,CEGL008514,A4436,G650,M502
085-FSSP-0002,CEGL008514,A4436,G650,M502
085-FSSP-0003,CEGL008514,A4436,G650,M502
085-BUCK-0004,CEGL008514,A4436,G650,M502
085-ALBE-0004,CEGL008514,A4436,G650,M502
085-ALBE-0008,CEGL008514,A4436,G650,M502
085-BULL-0058P,CEGL008514,A4436,G650,M502
085-WATM-0032,CEGL008514,A4436,G650,M502
085-WATM-0001,CEGL008514,A4436,G650,M502
085-WATM-0026,CEGL008514,A4436,G650,M502
085-WATM-0024,CEGL008514,A4436,G650,M502
085-WATM-0023,CEGL008514,A4436,G650,M502
085-BULL-0044P,CEGL008514,A4436,G650,M502
085-FAUQ-0003,CEGL008514,A4436,G650,M502
085-NAKE-0004P,CEGL008514,A4436,G650,M502
085-WATM-0039,CEGL008514,A4436,G650,M502
085-WATM-0018,CEGL008514,A4436,G650,M502
085-BULL-0044R,CEGL008514,A4436,G650,M502
085-WHSF-0001,CEGL008514,A4436,G650,M502
085-WATM-0051,CEGL008514,A4436,G650,M502
085-NAKE-0005P,CEGL008514,A4436,G650,M502
085-WATM-0050,CEGL008514,A4436,G650,M502
085-WATM-0048,CEGL008514,A4436,G650,M502
085-WATM-0046,CEGL008514,A4436,G650,M502
085-WATM-0045,CEGL008514,A4436,G650,M502
085-ORAN-0002,CEGL008514,A4436,G650,M502
085-WATM-0052,CEGL008514,A4436,G650,M502
085-NELS-0005,CEGL008514,A4436,G650,M502
085-BULL-0071R,CEGL008514,A4436,G650,M502
085-BULL-0071P,CEGL008514,A4436,G650,M502
085-WATM-0029,CEGL008514,A4436,G650,M502
085-ORAN-0001,CEGL008514,A4436,G650,M502
085-WATM-0012,CEGL008514,A4436,G650,M502
085-BULL-0058R,CEGL008514,A4436,G650,M502
085-MONF-0003,CEGL008514,A4436,G650,M502
085-BULL-0048,CEGL008514,A4436,G650,M502
085-WATM-0059,CEGL008514,A4436,G650,M502
085-WATM-0036,CEGL008514,A4436,G650,M502
085-WATM-0009,CEGL008514,A4436,G650,M502
085-WATM-0014,CEGL008514,A4436,G650,M502
085-WATM-0008,CEGL008514,A4436,G650,M502
085-ALBE-0009,CEGL008539,A4435,G650,M502
085-FLUV-0004,CEGL008539,A4435,G650,M502
085-FSMP-0016,CEGL008539,A4435,G650,M502
085-LASP-0005,CEGL008539,A4435,G650,M502
085-FLUV-0008,CEGL008539,A4435,G650,M502
085-MNBP-0019,CEGL008539,A4435,G650,M502
085-LASP-0004,CEGL008539,A4435,G650,M502
085-SCRU-0033,CEGL006299,A4435,G650,M502
085-WATM-0055,CEGL006299,A4435,G650,M502
046-05-0668,CEGL006299,A4435,G650,M502
085-BULL-0034R,CEGL006299,A4435,G650,M502
085-GWMP-0007,CEGL006299,A4435,G650,M502
085-SCRU-0022,CEGL006299,A4435,G650,M502
085-GWMP-0008,CEGL006299,A4435,G650,M502
085-ALEX-0005,CEGL006299,A4435,G650,M502
085-WATM-0003,CEGL006299,A4435,G650,M502
085-SCRU-0010,CEGL006299,A4435,G650,M502
085-BULL-0020R,CEGL006299,A4435,G650,M502
085-SCRU-0025,CEGL006299,A4435,G650,M502
085-GFNP-0014,CEGL006299,A4435,G650,M502
085-BULL-0040,CEGL006299,A4435,G650,M502
085-BULL-0064P,CEGL006299,A4435,G650,M502
085-APCO-0005,CEGL006299,A4435,G650,M502
085-BULL-0019R,CEGL006299,A4435,G650,M502
085-ALBE-0006P,CEGL006299,A4435,G650,M502
085-GFNP-0045,CEGL006299,A4435,G650,M502
085-GFNP-0039,CEGL006299,A4435,G650,M502
085-TURK-0026,CEGL006299,A4435,G650,M502
085-TURK-0046,CEGL006299,A4435,G650,M502
085-BULL-0055,CEGL006299,A4435,G650,M502
085-BULL-0064R,CEGL006299,A4435,G650,M502
085-WTFP-0003,CEGL006299,A4435,G650,M502
085-BULL-0061,CEGL006299,A4435,G650,M502
085-FAIR-0044,CEGL006299,A4435,G650,M502
085-BULL-0051R,CEGL006299,A4435,G650,M502
085-BULL-0051P,CEGL006299,A4435,G650,M502
085-BULL-0049R,CEGL006299,A4435,G650,M502
085-BULL-0047R,CEGL006299,A4435,G650,M502
085-RIVB-0013,CEGL006299,A4435,G650,M502
085-JRSP-0002,CEGL006299,A4435,G650,M502
085-PITT-0004,CEGL006299,A4435,G650,M502
085-MADS-0009,CEGL006299,A4435,G650,M502
085-KERR-0035,CEGL006299,A4435,G650,M502
085-BULL-0023P,CEGL006299,A4435,G650,M502
085-BULL-0022R,CEGL006299,A4435,G650,M502
085-BULL-0023R,CEGL006299,A4435,G650,M502
085-BULL-0020P,CEGL006299,A4435,G650,M502
085-PATR-0003,CEGL006299,A4435,G650,M502
085-BULL-0019P,CEGL006299,A4435,G650,M502
085-BULL-0047P,CEGL006299,A4435,G650,M502
085-MADS-0027,CEGL006299,A4435,G650,M502
085-BULL-0049P,CEGL006299,A4435,G650,M502
085-GWMP-0014,CEGL006299,A4435,G650,M502
085-GFNP-0015,CEGL006299,A4435,G650,M502
085-BULL-0029P,CEGL006299,A4435,G650,M502
085-BULL-0072R,CEGL006299,A4435,G650,M502
085-BULL-0072P,CEGL006299,A4435,G650,M502
085-BULL-0034P,CEGL006299,A4435,G650,M502
085-SCRU-0012,CEGL006057,A4435,G650,M502
085-TURK-0018,CEGL006057,A4435,G650,M502
085-WATM-0021,CEGL006057,A4435,G650,M502
085-PHWM-0015,CEGL006057,A4435,G650,M502
085-WATM-0040,CEGL006057,A4435,G650,M502
085-BULL-0041,CEGL006057,A4435,G650,M502
085-WATM-0054,CEGL006057,A4435,G650,M502
085-TURK-0050,CEGL006057,A4435,G650,M502
085-SCRU-0009,CEGL006057,A4435,G650,M502
085-TURK-0017,CEGL006057,A4435,G650,M502
085-SCRU-0032,CEGL006057,A4435,G650,M502
085-TURK-0019,CEGL006057,A4435,G650,M502
085-WATM-0028,CEGL008523,A4435,G650,M502
085-WATM-0041,CEGL008523,A4435,G650,M502
085-BULL-0018R,CEGL008523,A4435,G650,M502
085-BULL-0037P,CEGL008523,A4435,G650,M502
085-BULL-0042,CEGL008523,A4435,G650,M502
085-BULL-0043P,CEGL008523,A4435,G650,M502
085-BULL-0070P,CEGL008523,A4435,G650,M502
085-WATM-0037,CEGL008523,A4435,G650,M502
085-BULL-0037R,CEGL008523,A4435,G650,M502
085-BULL-0018P,CEGL008523,A4435,G650,M502
085-BULL-0067P,CEGL008523,A4435,G650,M502
085-BULL-0067R,CEGL008523,A4435,G650,M502
085-WATM-0049,CEGL008523,A4435,G650,M502
085-BULL-0043R,CEGL008523,A4435,G650,M502
085-JRSP-0003,CEGL008524,A4435,G650,M502
085-FAUQ-0002,CEGL006565,A4466,G650,M502
085-KERR-0034,CEGL008521,A4390,G015,M502
085-FSMP-0015,CEGL008521,A4390,G015,M502
085-FLUV-0005,CEGL008521,A4390,G015,M502
085-PHWM-0003,CEGL008521,A4390,G015,M502
085-PWFP-0035,CEGL008521,A4390,G015,M502
085-PATR-0004,CEGL008521,A4390,G015,M502
085-ABSF-0002,CEGL008521,A4390,G015,M502
085-PNWM-0001,CEGL008521,A4390,G015,M502
085-PHWM-0007,CEGL008521,A4390,G015,M502
085-PWFP-0037,CEGL008521,A4390,G015,M502
085-FLUV-0013,CEGL008521,A4390,G015,M502
085-ABSF-0006,CEGL008521,A4390,G015,M502
085-LASP-0006,CEGL008521,A4390,G015,M502
085-ALEX-0003,CEGL008521,A4390,G015,M502
085-PGSF-0011,CEGL008521,A4390,G015,M502
085-PGSF-0007,CEGL008521,A4390,G015,M502
085-PGSF-0004,CEGL008521,A4390,G015,M502
085-PGSF-0003,CEGL008521,A4390,G015,M502
085-KERR-0032,CEGL008521,A4390,G015,M502
085-FBMR-0061,CEGL008521,A4390,G015,M502
085-BESP-0002,CEGL008521,A4390,G015,M502
085-BUCK-0001,CEGL008521,A4390,G015,M502
085-BUCK-0006,CEGL008521,A4390,G015,M502
085-APPO-0002,CEGL008521,A4390,G015,M502
085-GFNP-0012,CEGL008521,A4390,G015,M502
085-CUSF-0028,CEGL008521,A4390,G015,M502
085-ALEX-0001,CEGL008521,A4390,G015,M502
085-FSMP-0006,CEGL008521,A4390,G015,M502
085-CHES-0002,CEGL008521,A4390,G015,M502
085-BULL-0027P,CEGL008521,A4390,G015,M502
085-FLUV-0001,CEGL008521,A4390,G015,M502
085-FLUV-0002,CEGL008521,A4390,G015,M502
085-BULL-0027R,CEGL008521,A4390,G015,M502
085-FLUV-0010,CEGL008521,A4390,G015,M502
085-FSMP-0020,CEGL008521,A4390,G015,M502
085-CUSF-0040,CEGL008521,A4390,G015,M502
085-FSMP-0003,CEGL008521,A4390,G015,M502
085-GFNP-0018,CEGL008521,A4390,G015,M502
085-FBMR-0049,CEGL008521,A4390,G015,M502
085-ABSF-0012,CEGL008521,A4390,G015,M502
085-PWFP-0041,CEGL008521,A4390,G015,M502
085-ABSF-0009,CEGL008521,A4390,G015,M502
085-CUSF-0020,CEGL008521,A4390,G015,M502
085-ABSF-0013,CEGL008521,A4390,G015,M502
085-ABSF-0014,CEGL008521,A4390,G015,M502
085-ABSF-0015,CEGL008521,A4390,G015,M502
085-ABSF-0020,CEGL008521,A4390,G015,M502
085-PWFP-0040,CEGL008521,A4390,G015,M502
085-ABSF-0022,CEGL008521,A4390,G015,M502
085-LOUD-0008,CEGL008521,A4390,G015,M502
085-WTFP-0002,CEGL008521,A4390,G015,M502
085-ALEX-0002,CEGL008521,A4390,G015,M502
085-ABSF-0008,CEGL008521,A4390,G015,M502
052-04-0810,CEGL007230,A4390,G015,M502
046-01-0662,CEGL007230,A4390,G015,M502
046-07-0660,CEGL007692,A4390,G015,M502
046-03-0660,CEGL007519,A4392,G015,M502
046-01-0663,CEGL007519,A4392,G015,M502
052-01-0804,CEGL006271,A4392,G015,M502
046-05-0665,CEGL006271,A4392,G015,M502
052-04-0806,CEGL006271,A4392,G015,M502
052-01-0805,CEGL006271,A4392,G015,M502
052-08-0801,CEGL006271,A4392,G015,M502
052-04-0809,CEGL006271,A4392,G015,M502
046-05-0663,CEGL006271,A4392,G015,M502
138-01-1625,CEGL006271,A4392,G015,M502
138-01-1626,CEGL006271,A4392,G015,M502
052-03-0808,CEGL007267,A0250,G015,M502
046-04-0661,CEGL007267,A0250,G015,M502
052-09-0801,CEGL007267,A0250,G015,M502
052-02-0805,CEGL007267,A0250,G015,M502
052-09-0800,CEGL007267,A0250,G015,M502
046-06-0661,CEGL007267,A0250,G015,M502
046-05-0660,CEGL007267,A0250,G015,M502
138-09-1624,CEGL007493,A3269,G905,M502
134-04-1547,CEGL007493,A3269,G905,M502
128-06-1476,CEGL008427,A3269,G905,M502
118-42-0035,CEGL008427,A3269,G905,M502
134-12-1541,CEGL003765,A3269,G905,M502
128-06-1477,CEGL003765,A3269,G905,M502
085-BULL-0046P,CEGL004996,A0677,G905,M502
085-BULL-0035P,CEGL004996,A0677,G905,M502
085-BULL-0002,CEGL004996,A0677,G905,M502
085-BULL-0022P,CEGL004996,A0677,G905,M502
085-BULL-0050P,CEGL004996,A0677,G905,M502
085-BULL-0024R,CEGL004996,A0677,G905,M502
085-BULL-0024P,CEGL004996,A0677,G905,M502
085-BULL-0032R,CEGL004996,A0677,G905,M502
085-BULL-0035R,CEGL004996,A0677,G905,M502
085-BULL-0045,CEGL004996,A0677,G905,M502
085-BULL-0053,CEGL004996,A0677,G905,M502
085-BULL-0050R,CEGL004996,A0677,G905,M502
085-BULL-0032P,CEGL004996,A0677,G905,M502
085-BULL-0025P,CEGL004996,A0677,G905,M502
085-BULL-0025R,CEGL004996,A0677,G905,M502
046-01-0664,CEGL007097,A0677,G905,M502
052-07-0800,CEGL007097,A0677,G905,M502
052-07-0801,CEGL007097,A0677,G905,M502
046-01-0661,CEGL007097,A0677,G905,M502
052-03-0805,CEGL007138,A0144,G905,M502
103-COWP-0008,CEGL006327,A3227,G030,M013
118-42-0043,CEGL006327,A3227,G030,M013
118-42-0049,CEGL006327,A3227,G030,M013
141-01-0052,CEGL002591,A3227,G030,M013
104-GUCO-0016,CEGL002591,A3227,G030,M013
141-01-0023,CEGL002591,A3227,G030,M013
129-08-1501,CEGL007879,A3228,G030,M013
136-01-0005,CEGL007879,A3228,G030,M013
141-01-0034,CEGL007221,A3228,G030,M013
141-01-0018,CEGL007221,A3228,G030,M013
085-PWFP-0004P,CEGL007221,A3228,G030,M013
085-PWFP-0007P,CEGL007221,A3228,G030,M013
103-COWP-0014,CEGL007221,A3228,G030,M013
141-01-0037,CEGL007221,A3228,G030,M013
085-SCRU-0008,CEGL006075,A2054,G894,M525
085-FBMR-0041,CEGL006075,A2054,G894,M525
085-POSP-0002,CEGL006075,A2054,G894,M525
085-SCRU-0021,CEGL006075,A2054,G894,M525
085-AMHE-0002,CEGL006075,A2054,G894,M525
085-SCRU-0024,CEGL006075,A2054,G894,M525
085-FBMR-0050,CEGL006075,A2054,G894,M525
085-BULL-0003,CEGL006075,A2054,G894,M525
085-GWMP-0034,CEGL006075,A2054,G894,M525
085-TURK-0020,CEGL006075,A2054,G894,M525
085-FBMR-0015,CEGL006075,A2054,G894,M525
085-SCRU-0014,CEGL006075,A2054,G894,M525
085-FAIR-0037,CEGL006075,A2054,G894,M525
085-GWMP-0006,CEGL006075,A2054,G894,M525
085-FBMR-0045,CEGL006075,A2054,G894,M525
085-LASP-0002,CEGL006075,A2054,G894,M525
085-FBMR-0048,CEGL006075,A2054,G894,M525
085-PWFP-0014P,CEGL006075,A2054,G894,M525
085-FBMR-0031,CEGL006075,A2054,G894,M525
085-PWFP-0013P,CEGL006075,A2054,G894,M525
085-FBMR-0030,CEGL006075,A2054,G894,M525
085-HENY-0006,CEGL006075,A2054,G894,M525
085-MADS-0016,CEGL006075,A2054,G894,M525
085-HENY-0008,CEGL006075,A2054,G894,M525
085-PWFP-0012P,CEGL006075,A2054,G894,M525
085-ALBE-0002,CEGL006075,A2054,G894,M525
085-SCRU-0013,CEGL006075,A2054,G894,M525
085-RIVB-0012,CEGL006075,A2054,G894,M525
085-RIVB-0010,CEGL006075,A2054,G894,M525
085-RIVB-0009,CEGL006075,A2054,G894,M525
085-RIVB-0008,CEGL006075,A2054,G894,M525
085-RIVB-0007,CEGL006075,A2054,G894,M525
085-RNBP-0010,CEGL006075,A2054,G894,M525
085-MADS-0017,CEGL006075,A2054,G894,M525
085-MADS-0023,CEGL006075,A2054,G894,M525
085-AMHE-0001,CEGL006075,A2054,G894,M525
085-PWFP-0039,CEGL006075,A2054,G894,M525
085-APCO-0007,CEGL006075,A2054,G894,M525
085-CUSF-0007,CEGL006075,A2054,G894,M525
085-CUSF-0017,CEGL006075,A2054,G894,M525
085-RIVB-0006,CEGL006075,A2054,G894,M525
085-GWMP-0035,CEGL006075,A2054,G894,M525
085-HANO-0004,CEGL006075,A2054,G894,M525
085-SCRU-0006,CEGL006075,A2054,G894,M525
085-PWFP-0033,CEGL006075,A2054,G894,M525
085-PHWM-0004,CEGL006075,A2054,G894,M525
085-PWFP-0032,CEGL006075,A2054,G894,M525
085-SCRU-0011,CEGL006075,A2054,G894,M525
085-PGSF-0005,CEGL006075,A2054,G894,M525
085-FLUV-0012,CEGL006075,A2054,G894,M525
085-FBMR-0056,CEGL006075,A2054,G894,M525
085-BULL-0056,CEGL006075,A2054,G894,M525
085-CHES-0001,CEGL006075,A2054,G894,M525
085-CAMP-0002,CEGL006075,A2054,G894,M525
085-FHRP-0001,CEGL006075,A2054,G894,M525
085-KERR-0038,CEGL006075,A2054,G894,M525
085-KERR-0002,CEGL006075,A2054,G894,M525
085-KERR-0036,CEGL006075,A2054,G894,M525
085-FSMP-0010,CEGL006075,A2054,G894,M525
085-PWFP-0002P,CEGL006075,A2054,G894,M525
085-GFNP-0040,CEGL006075,A2054,G894,M525
085-GFNP-0008,CEGL006075,A2054,G894,M525
085-LEMP-0003,CEGL006075,A2054,G894,M525
085-PWFP-0010P,CEGL006075,A2054,G894,M525
085-TURK-0028,CEGL006075,A2054,G894,M525
085-PWFP-0015P,CEGL006075,A2054,G894,M525
085-GWMP-0002,CEGL006075,A2054,G894,M525
085-PHWM-0006,CEGL006075,A2054,G894,M525
085-POSP-0003,CEGL006075,A2054,G894,M525
085-TURK-0023,CEGL006075,A2054,G894,M525
085-TURK-0022,CEGL006075,A2054,G894,M525
085-TURK-0021,CEGL006075,A2054,G894,M525
085-APCO-0012,CEGL006075,A2054,G894,M525
085-PHWM-0002,CEGL006075,A2054,G894,M525
085-TURK-0029,CEGL006075,A2054,G894,M525
085-BULL-0036R,CEGL006075,A2054,G894,M525
085-TURK-0030,CEGL006075,A2054,G894,M525
085-BULL-0005,CEGL006075,A2054,G894,M525
085-BULL-0006,CEGL006075,A2054,G894,M525
085-BULL-0036P,CEGL006075,A2054,G894,M525
085-GFNP-0017,CEGL006075,A2054,G894,M525
085-KERR-0024,CEGL006075,A2054,G894,M525
085-TURK-0024,CEGL006075,A2054,G894,M525
085-FBMR-0009,CEGL006075,A2054,G894,M525
085-TURK-0025,CEGL006075,A2054,G894,M525
085-POSP-0008,CEGL006075,A2054,G894,M525
085-GFNP-0013,CEGL006075,A2054,G894,M525
085-FSMP-0024,CEGL006075,A2054,G894,M525
085-FSMP-0025,CEGL006075,A2054,G894,M525
085-BULL-0017R,CEGL006075,A2054,G894,M525
085-GFNP-0001,CEGL006075,A2054,G894,M525
085-BULL-0017P,CEGL006075,A2054,G894,M525
085-FBMR-0035,CEGL006075,A2054,G894,M525
085-FBMR-0016,CEGL006075,A2054,G894,M525
085-GFNP-0007,CEGL006075,A2054,G894,M525
085-PNBP-0007,CEGL006075,A2054,G894,M525
085-FBMR-0034,CEGL006919,A2054,G894,M525
085-FHRP-0002,CEGL006919,A2054,G894,M525
085-PWFP-0045,CEGL006919,A2054,G894,M525
085-HANO-0003,CEGL006919,A2054,G894,M525
085-FHRP-0004,CEGL006919,A2054,G894,M525
085-FAIR-0038,CEGL006919,A2054,G894,M525
085-FLUV-0007,CEGL006919,A2054,G894,M525
085-PHWM-0005,CEGL006919,A2054,G894,M525
085-HRWM-0004,CEGL006919,A2054,G894,M525
085-CUSF-0010,CEGL006919,A2054,G894,M525
085-HRWM-0006,CEGL006919,A2054,G894,M525
085-KERR-0033,CEGL006919,A2054,G894,M525
085-ABSF-0019,CEGL006919,A2054,G894,M525
085-MOTT-0002,CEGL006919,A2054,G894,M525
085-KERR-0007,CEGL006919,A2054,G894,M525
085-HENY-0002,CEGL006919,A2054,G894,M525
085-TURK-0027,CEGL006055,A4394,G894,M525
085-CUSF-0006,CEGL006055,A4394,G894,M525
085-FAIR-0034,CEGL006055,A4394,G894,M525
085-GFNP-0027,CEGL006055,A4394,G894,M525
085-GFNP-0034,CEGL006055,A4394,G894,M525
085-GFNP-0035,CEGL006055,A4394,G894,M525
085-GFNP-0036,CEGL006055,A4394,G894,M525
085-GWMP-0001,CEGL006055,A4394,G894,M525
085-GWMP-0005,CEGL006055,A4394,G894,M525
085-HRWM-0002,CEGL006055,A4394,G894,M525
085-TURK-0016,CEGL006055,A4394,G894,M525
085-RIVB-0005,CEGL006055,A4394,G894,M525
085-RIVB-0011,CEGL006055,A4394,G894,M525
085-TURK-0043,CEGL006055,A4394,G894,M525
085-HANO-0002,CEGL006055,A4394,G894,M525
085-TURK-0039,CEGL006055,A4394,G894,M525
085-TURK-0040,CEGL006055,A4394,G894,M525
085-TURK-0015,CEGL006055,A4394,G894,M525
085-TURK-0041,CEGL006055,A4394,G894,M525
085-PWFP-0006P,CEGL006055,A4394,G894,M525
085-SCRU-0027,CEGL006055,A4394,G894,M525
085-SCRU-0026,CEGL006055,A4394,G894,M525
085-TURK-0044,CEGL006055,A4394,G894,M525
085-SCRU-0007,CEGL006055,A4394,G894,M525
085-TURK-0047,CEGL006055,A4394,G894,M525
085-SCRU-0028,CEGL006055,A4394,G894,M525
085-BESP-0004,CEGL006055,A4394,G894,M525
085-PRIE-0003,CEGL006055,A4394,G894,M525
085-HANO-0011,CEGL006269,A4209,G894,M525
085-LEMP-0004,CEGL006269,A4209,G894,M525
085-POSP-0006,CEGL006269,A4209,G894,M525
085-PNBP-0005,CEGL006269,A4209,G894,M525
085-POSP-0009,CEGL006269,A4209,G894,M525
085-LEMP-0002,CEGL006269,A4209,G894,M525
085-LEMP-0001,CEGL006269,A4209,G894,M525
085-FSMP-0019,CEGL006269,A4209,G894,M525
085-LESP-0001,CEGL006490,A4209,G894,M525
128-10-1470,CEGL008489,A3274,G165,M016
134-04-1544,CEGL008489,A3274,G165,M016
142-09-1644,CEGL003684,A3274,G165,M016
142-09-1641,CEGL003684,A3274,G165,M016
052-04-0811,CEGL003684,A3274,G165,M016
118-42-0524,CEGL004443,A3274,G165,M016
085-PITT-0010,CEGL004443,A3274,G165,M016
019-01-0019,CEGL004443,A3274,G165,M016
085-PITT-0001,CEGL004443,A3274,G165,M016
004-04-0155,CEGL004443,A3274,G165,M016
120-06-1433,CEGL004443,A3274,G165,M016
004-04-0146,CEGL004443,A3274,G165,M016
085-PATR-0009,CEGL004443,A3274,G165,M016
120-08-1430,CEGL004443,A3274,G165,M016
085-FRAN-0005,CEGL004443,A3274,G165,M016
019-01-0009,CEGL004443,A3274,G165,M016
085-FRAN-0007,CEGL004443,A3274,G165,M016
004-05-0159,CEGL004443,A3274,G165,M016
004-05-0160,CEGL004447,A3274,G165,M016
004-02-0162,CEGL004541,A3274,G165,M016
004-01-0159,CEGL004541,A3274,G165,M016
004-05-0175,CEGL004541,A3274,G165,M016
135-04-1600,CEGL004541,A3274,G165,M016
004-02-0160,CEGL004541,A3274,G165,M016
135-11-1600,CEGL004541,A3274,G165,M016
004-03-0154,CEGL004541,A3274,G165,M016
004-03-0165,CEGL004541,A3274,G165,M016
129-06-1501,CEGL004148,A4438,G165,M016
135-06-1602,CEGL004148,A4438,G165,M016
142-06-1655,CEGL004148,A4438,G165,M016
046-05-0667,CEGL004148,A4438,G165,M016
138-01-1624,CEGL004148,A4438,G165,M016
138-01-1623,CEGL004148,A4438,G165,M016
059-03-0851,CEGL004148,A4438,G165,M016
004-02-0166,CEGL004415,A4438,G165,M016
004-01-0157,CEGL004415,A4438,G165,M016
138-11-1620,CEGL004415,A4438,G165,M016
059-05-0850,CEGL004415,A4438,G165,M016
120-10-1432,CEGL004415,A4438,G165,M016
089-07-1225,CEGL004415,A4438,G165,M016
129-06-1507,CEGL004415,A4438,G165,M016
135-01-1601,CEGL004415,A4438,G165,M016
129-06-1506,CEGL004415,A4438,G165,M016
120-04-1433,CEGL004415,A4438,G165,M016
108-KIMO-0021,CEGL004415,A4438,G165,M016
004-06-0166,CEGL004415,A4438,G165,M016
138-04-1626,CEGL004415,A4438,G165,M016
059-05-0851,CEGL004415,A4438,G165,M016
099-04-0001,CEGL004415,A4438,G165,M016
129-01-1508,CEGL006281,A4438,G165,M016
129-04-1501,CEGL006281,A4438,G165,M016
004-02-0156,CEGL006281,A4438,G165,M016
099-01-0063,CEGL006281,A4438,G165,M016
004-03-0149,CEGL006281,A4438,G165,M016
099-04-0002,CEGL006281,A4438,G165,M016
120-06-1439,CEGL006281,A4438,G165,M016
042-04-0635,CEGL006281,A4438,G165,M016
129-06-1511,CEGL006281,A4438,G165,M016
138-04-1622,CEGL006281,A4438,G165,M016
129-01-1504,CEGL006281,A4438,G165,M016
120-10-1431,CEGL006281,A4438,G165,M016
059-08-0856,CEGL006281,A4438,G165,M016
134-09-1543,CEGL006281,A4438,G165,M016
004-02-0155,CEGL006281,A4438,G165,M016
004-01-0158,CEGL006281,A4438,G165,M016
004-01-0153,CEGL006281,A4438,G165,M016
004-03-0152,CEGL006281,A4438,G165,M016
135-04-1603,CEGL006281,A4438,G165,M016
129-07-1501,CEGL006281,A4438,G165,M016
138-01-1622,CEGL006281,A4438,G165,M016
004-01-0152,CEGL006281,A4438,G165,M016
004-03-0151,CEGL006281,A4438,G165,M016
138-04-1629,CEGL006281,A4438,G165,M016
138-11-1622,CEGL006281,A4438,G165,M016
138-06-1620,CEGL006281,A4438,G165,M016
138-06-1624,CEGL006281,A4438,G165,M016
138-01-1620,CEGL006281,A4438,G165,M016
120-06-1432,CEGL006281,A4438,G165,M016
135-01-1600,CEGL006281,A4438,G165,M016
004-03-0155,CEGL004232,A3293,G165,M016
085-CUSF-0001,CEGL007232,A3293,G165,M016
059-04-0854,CEGL007232,A3293,G165,M016
019-01-0022,CEGL007232,A3293,G165,M016
058-01-0034,CEGL007232,A3293,G165,M016
058-02-0060,CEGL007232,A3293,G165,M016
118-42-PSP86,CEGL007232,A3293,G165,M016
120-01-1437,CEGL007232,A3293,G165,M016
019-01-0001,CEGL007232,A3293,G165,M016
111-02-1352,CEGL007232,A3293,G165,M016
019-01-0023,CEGL007232,A3293,G165,M016
118-42-0574,CEGL007232,A3293,G165,M016
058-08-0030,CEGL007232,A3293,G165,M016
118-42-0508,CEGL007232,A3293,G165,M016
120-04-1430,CEGL007232,A3293,G165,M016
058-08-0006,CEGL007232,A3293,G165,M016
058-03-0054,CEGL007232,A3293,G165,M016
085-APCO-0009,CEGL007232,A3293,G165,M016
141-01-0031,CEGL007232,A3293,G165,M016
135-03-1600,CEGL007232,A3293,G165,M016
118-42-0507,CEGL007232,A3293,G165,M016
111-04-1357,CEGL007232,A3293,G165,M016
058-08-0051,CEGL007232,A3293,G165,M016
085-SPOT-0001,CEGL007232,A3293,G165,M016
129-06-1504,CEGL007232,A3293,G165,M016
085-SPOT-0002,CEGL007232,A3293,G165,M016
085-SRSP-0003,CEGL007232,A3293,G165,M016
128-05-1470,CEGL007232,A3293,G165,M016
085-SRSP-0001,CEGL007232,A3293,G165,M016
085-APCO-0002,CEGL007232,A3293,G165,M016
085-APCO-0001,CEGL007232,A3293,G165,M016
085-AMWM-0004,CEGL007232,A3293,G165,M016
058-03-0050,CEGL007232,A3293,G165,M016
058-08-0053,CEGL007232,A3293,G165,M016
052-01-0810,CEGL007232,A3293,G165,M016
118-42-0503,CEGL007232,A3293,G165,M016
141-01-0008,CEGL007232,A3293,G165,M016
141-01-0007,CEGL007232,A3293,G165,M016
138-10-1621,CEGL007232,A3293,G165,M016
082-04-1100,CEGL007232,A3293,G165,M016
085-KERR-0027,CEGL007232,A3293,G165,M016
004-05-0158,CEGL007232,A3293,G165,M016
004-02-0159,CEGL007232,A3293,G165,M016
138-03-1620,CEGL007232,A3293,G165,M016
052-01-0806,CEGL007232,A3293,G165,M016
134-04-1541,CEGL007232,A3293,G165,M016
089-04-1231,CEGL007232,A3293,G165,M016
058-03-0045,CEGL007232,A3293,G165,M016
129-03-1502,CEGL007232,A3293,G165,M016
085-KERR-0013,CEGL007232,A3293,G165,M016
085-CUSF-0008,CEGL007232,A3293,G165,M016
141-01-0033,CEGL007232,A3293,G165,M016
085-HRWM-0003,CEGL007232,A3293,G165,M016
085-AMWM-0002,CEGL007232,A3293,G165,M016
135-06-1600,CEGL007232,A3293,G165,M016
085-HENY-0003,CEGL007232,A3293,G165,M016
085-CUSF-0004,CEGL007232,A3293,G165,M016
085-PNWM-0005,CEGL007232,A3293,G165,M016
082-03-1103,CEGL007232,A3293,G165,M016
058-08-0033,CEGL007232,A3293,G165,M016
085-ABSF-0021,CEGL008475,A3293,G165,M016
085-HENY-0005,CEGL008475,A3293,G165,M016
085-ALBE-0003,CEGL008475,A3293,G165,M016
085-ALBE-0001,CEGL008475,A3293,G165,M016
134-10-1542,CEGL008475,A3293,G165,M016
085-HANO-0006,CEGL008475,A3293,G165,M016
085-HENY-0007,CEGL008475,A3293,G165,M016
085-ALBE-0016,CEGL008475,A3293,G165,M016
085-AMHE-0003,CEGL008475,A3293,G165,M016
085-AMWM-0003,CEGL008475,A3293,G165,M016
085-AMWM-0005,CEGL008475,A3293,G165,M016
004-04-0159,CEGL008475,A3293,G165,M016
118-42-0542,CEGL008475,A3293,G165,M016
085-BBRP-0004,CEGL008475,A3293,G165,M016
085-HANO-0005,CEGL008475,A3293,G165,M016
111-02-1353,CEGL008475,A3293,G165,M016
085-GFNP-0043,CEGL008475,A3293,G165,M016
085-GFNP-0044,CEGL008475,A3293,G165,M016
138-06-1621,CEGL008475,A3293,G165,M016
128-08-1473,CEGL008475,A3293,G165,M016
138-06-1623,CEGL008475,A3293,G165,M016
085-GFNP-0037,CEGL008475,A3293,G165,M016
085-GFNP-0042,CEGL008475,A3293,G165,M016
085-ABSF-0007,CEGL008475,A3293,G165,M016
085-AMWM-0006,CEGL008475,A3293,G165,M016
085-PNWM-0003,CEGL008475,A3293,G165,M016
085-BULL-0069R,CEGL008475,A3293,G165,M016
019-01-0005,CEGL008475,A3293,G165,M016
085-ABSF-0004,CEGL008475,A3293,G165,M016
085-ABSF-0003,CEGL008475,A3293,G165,M016
129-03-1501,CEGL008475,A3293,G165,M016
085-BULL-0052P,CEGL008475,A3293,G165,M016
118-42-0012,CEGL008475,A3293,G165,M016
118-42-0017,CEGL008475,A3293,G165,M016
134-10-1543,CEGL008475,A3293,G165,M016
085-POSP-0007,CEGL008475,A3293,G165,M016
085-PNBP-0003,CEGL008475,A3293,G165,M016
085-KERR-0040,CEGL008475,A3293,G165,M016
128-04-1471,CEGL008475,A3293,G165,M016
085-WATM-0044,CEGL008475,A3293,G165,M016
085-PNWM-0002,CEGL008475,A3293,G165,M016
118-42-0579,CEGL008475,A3293,G165,M016
128-06-1471,CEGL008475,A3293,G165,M016
134-12-1540,CEGL008475,A3293,G165,M016
085-KERR-0031,CEGL008475,A3293,G165,M016
138-02-1625,CEGL008475,A3293,G165,M016
085-PHWM-0008,CEGL008475,A3293,G165,M016
085-ABSF-0011,CEGL008475,A3293,G165,M016
085-KERR-0039,CEGL008475,A3293,G165,M016
085-KERR-0028,CEGL008475,A3293,G165,M016
085-PITT-0006,CEGL008475,A3293,G165,M016
134-10-1544,CEGL008475,A3293,G165,M016
138-02-1624,CEGL008475,A3293,G165,M016
118-42-0011,CEGL008475,A3293,G165,M016
085-BULL-0057,CEGL008475,A3293,G165,M016
085-BULL-0016R,CEGL008475,A3293,G165,M016
134-06-1541,CEGL008475,A3293,G165,M016
085-APCO-0010,CEGL008475,A3293,G165,M016
138-02-1623,CEGL008475,A3293,G165,M016
085-PGSF-0010,CEGL008475,A3293,G165,M016
085-PGSF-0009,CEGL008475,A3293,G165,M016
085-PGSF-0006,CEGL008475,A3293,G165,M016
118-42-0585,CEGL008475,A3293,G165,M016
128-04-1470,CEGL008475,A3293,G165,M016
085-POSP-0005,CEGL008475,A3293,G165,M016
085-ABSF-0016,CEGL008475,A3293,G165,M016
085-BULL-0016P,CEGL008475,A3293,G165,M016
085-KERR-0030,CEGL008475,A3293,G165,M016
085-GFNP-0046,CEGL008475,A3293,G165,M016
085-FLUV-0011,CEGL008475,A3293,G165,M016
085-BULL-0021P,CEGL008475,A3293,G165,M016
129-05-1502,CEGL008475,A3293,G165,M016
085-BWNM-0006,CEGL008475,A3293,G165,M016
085-FLUV-0003,CEGL008475,A3293,G165,M016
082-09-1102,CEGL008475,A3293,G165,M016
085-ABSF-0017,CEGL008475,A3293,G165,M016
085-BWNM-0001,CEGL008475,A3293,G165,M016
118-42-0025,CEGL008475,A3293,G165,M016
085-FAIR-0045,CEGL008475,A3293,G165,M016
085-FAIR-0025,CEGL008475,A3293,G165,M016
085-FLUV-0014,CEGL008475,A3293,G165,M016
118-42-0026,CEGL008475,A3293,G165,M016
004-02-0150,CEGL008475,A3293,G165,M016
085-CHAR-0002,CEGL008475,A3293,G165,M016
085-BULL-0069P,CEGL008475,A3293,G165,M016
004-01-0155,CEGL008475,A3293,G165,M016
085-FLUV-0006,CEGL008475,A3293,G165,M016
085-RNBP-0001,CEGL008475,A3293,G165,M016
089-07-1226,CEGL008475,A3293,G165,M016
085-SCRU-0023,CEGL008475,A3293,G165,M016
085-WATM-0017,CEGL008475,A3293,G165,M016
085-WATM-0030,CEGL008475,A3293,G165,M016
085-PGSF-0001,CEGL008475,A3293,G165,M016
085-WATM-0058,CEGL008475,A3293,G165,M016
070-09-0101,CEGL008475,A3293,G165,M016
070-09-0120,CEGL008475,A3293,G165,M016
120-06-1436,CEGL008475,A3293,G165,M016
070-09-0162,CEGL008475,A3293,G165,M016
085-WATM-0031,CEGL008475,A3293,G165,M016
120-01-1440,CEGL008475,A3293,G165,M016
059-03-0852,CEGL008475,A3293,G165,M016
085-WATM-0056,CEGL008475,A3293,G165,M016
085-WATM-0042,CEGL008475,A3293,G165,M016
128-02-1470,CEGL008475,A3293,G165,M016
053-01-0107,CEGL008475,A3293,G165,M016
085-WATM-0025,CEGL008475,A3293,G165,M016
085-PWFP-0038,CEGL008475,A3293,G165,M016
085-WATM-0033,CEGL008475,A3293,G165,M016
085-LUNE-0002,CEGL008475,A3293,G165,M016
085-MNBP-0023,CEGL008475,A3293,G165,M016
085-LUNE-0005,CEGL008475,A3293,G165,M016
085-MNBP-0021,CEGL008475,A3293,G165,M016
085-MNBP-0020,CEGL008475,A3293,G165,M016
053-01-0100,CEGL008475,A3293,G165,M016
085-RIVB-0014,CEGL008475,A3293,G165,M016
085-FAIR-0031,CEGL008475,A3293,G165,M016
085-PWFP-0044,CEGL008475,A3293,G165,M016
053-01-0114,CEGL008475,A3293,G165,M016
089-04-1228,CEGL008475,A3293,G165,M016
058-03-0036,CEGL008475,A3293,G165,M016
085-MNBP-0033,CEGL008475,A3293,G165,M016
085-LOUD-0012,CEGL008475,A3293,G165,M016
058-02-0044,CEGL008475,A3293,G165,M016
053-01-0103,CEGL008475,A3293,G165,M016
099-06-0002,CEGL008475,A3293,G165,M016
085-MNBP-0030,CEGL008475,A3293,G165,M016
053-01-0108,CEGL008475,A3293,G165,M016
058-03-0039,CEGL008475,A3293,G165,M016
085-MNBP-0026,CEGL008475,A3293,G165,M016
053-01-0109,CEGL008475,A3293,G165,M016
085-WATM-0038,CEGL008475,A3293,G165,M016
053-01-0113,CEGL008475,A3293,G165,M016
019-01-0024,CEGL008475,A3293,G165,M016
085-PWFP-0027,CEGL008475,A3293,G165,M016
053-01-0123,CEGL008475,A3293,G165,M016
085-WATM-0035,CEGL008475,A3293,G165,M016
052-02-0803,CEGL008475,A3293,G165,M016
053-01-0111,CEGL008475,A3293,G165,M016
085-LASP-0001,CEGL008475,A3293,G165,M016
085-LOUD-0007,CEGL008475,A3293,G165,M016
053-01-0118,CEGL008475,A3293,G165,M016
085-MOTT-0001,CEGL008475,A3293,G165,M016
053-01-0106,CEGL008475,A3293,G165,M016
085-NOTT-0001,CEGL008475,A3293,G165,M016
059-02-0851,CEGL008475,A3293,G165,M016
019-01-0029,CEGL008475,A3293,G165,M016
058-01-0005,CEGL008475,A3293,G165,M016
053-01-0112,CEGL008475,A3293,G165,M016
085-ABSF-0010,CEGL008475,A3293,G165,M016
085-PGSF-0002,CEGL008475,A3293,G165,M016
085-BULL-0021R,CEGL008475,A3293,G165,M016
085-FSMP-0002,CEGL008475,A3293,G165,M016
085-FSMP-0008,CEGL008475,A3293,G165,M016
004-03-0166,CEGL008475,A3293,G165,M016
085-BULL-0028,CEGL008475,A3293,G165,M016
085-FSMP-0004,CEGL008475,A3293,G165,M016
085-BULL-0030P,CEGL008475,A3293,G165,M016
085-BULL-0030R,CEGL008475,A3293,G165,M016
085-ARLI-0001,CEGL008475,A3293,G165,M016
085-APCO-0013,CEGL008475,A3293,G165,M016
085-BULL-0031P,CEGL008475,A3293,G165,M016
085-PWFP-0034,CEGL008475,A3293,G165,M016
085-BULL-0054,CEGL008475,A3293,G165,M016
085-ARLI-0002,CEGL008475,A3293,G165,M016
085-CUSF-0038,CEGL008475,A3293,G165,M016
085-CRSF-0001,CEGL008475,A3293,G165,M016
129-06-1503,CEGL008475,A3293,G165,M016
118-42-0042,CEGL008475,A3293,G165,M016
085-FAIR-0043,CEGL008475,A3293,G165,M016
085-BULL-0052R,CEGL008475,A3293,G165,M016
129-07-1504,CEGL008475,A3293,G165,M016
085-CAMP-0003,CEGL008475,A3293,G165,M016
085-CUSF-0009,CEGL008475,A3293,G165,M016
085-CUSF-0037,CEGL008475,A3293,G165,M016
085-CUSF-0013,CEGL008475,A3293,G165,M016
085-CUSF-0014,CEGL008475,A3293,G165,M016
085-CUSF-0016,CEGL008475,A3293,G165,M016
085-BULL-0031R,CEGL008475,A3293,G165,M016
118-42-0001,CEGL008475,A3293,G165,M016
085-MNBP-0013,CEGL008475,A3293,G165,M016
052-03-0806,CEGL008475,A3293,G165,M016
085-PRIE-0001,CEGL008475,A3293,G165,M016
085-PRIE-0002,CEGL008475,A3293,G165,M016
085-MNBP-0009,CEGL008475,A3293,G165,M016
059-04-0857,CEGL008475,A3293,G165,M016
085-PWFP-0025,CEGL008475,A3293,G165,M016
085-WATM-0005,CEGL008475,A3293,G165,M016
085-WATM-0016,CEGL008475,A3293,G165,M016
134-03-1540,CEGL008475,A3293,G165,M016
085-FSMP-0001,CEGL008475,A3293,G165,M016
085-FSMP-0021,CEGL008475,A3293,G165,M016
004-03-0156,CEGL008475,A3293,G165,M016
134-02-1543,CEGL008475,A3293,G165,M016
085-CUSF-0021,CEGL008475,A3293,G165,M016
111-04-1356,CEGL008475,A3293,G165,M016
085-ABSF-0018P,CEGL008475,A3293,G165,M016
085-GFNP-0011,CEGL008475,A3293,G165,M016
134-04-1546,CEGL008475,A3293,G165,M016
129-01-1502,CEGL008475,A3293,G165,M016
085-FPMR-0021,CEGL008475,A3293,G165,M016
085-FSMP-0023,CEGL008475,A3293,G165,M016
134-04-1542,CEGL008475,A3293,G165,M016
118-42-0009,CEGL008475,A3293,G165,M016
129-13-1501,CEGL008475,A3293,G165,M016
085-BULL-0038R,CEGL008475,A3293,G165,M016
085-BULL-0038P,CEGL008475,A3293,G165,M016
085-BULL-0039,CEGL008475,A3293,G165,M016
134-07-1541,CEGL004542,A3293,G165,M016
111-03-1353,CEGL004542,A3293,G165,M016
004-02-0165,CEGL004542,A3293,G165,M016
134-10-1541,CEGL004542,A3293,G165,M016
120-06-1431,CEGL004542,A3293,G165,M016
004-03-0168,CEGL004542,A3293,G165,M016
120-06-1437,CEGL004542,A3293,G165,M016
128-04-1475,CEGL004542,A3293,G165,M016
004-03-0167,CEGL004542,A3293,G165,M016
004-06-0151,CEGL004542,A3293,G165,M016
128-04-1479,CEGL004542,A3293,G165,M016
004-04-0153,CEGL004446,A3294,G165,M016
085-FPMR-0009,CEGL003721,A3294,G165,M016
085-FPMR-0008,CEGL003721,A3294,G165,M016
085-FPMR-0007,CEGL003721,A3294,G165,M016
085-FPMR-0005,CEGL003721,A3294,G165,M016
019-01-0012,CEGL007773,A3294,G165,M016
019-01-0013,CEGL007773,A3294,G165,M016
120-01-1436,CEGL007773,A3294,G165,M016
120-06-1435,CEGL007773,A3294,G165,M016
111-02-1354,CEGL007773,A3294,G165,M016
138-09-1621,CEGL007773,A3294,G165,M016
138-02-1621,CEGL007773,A3294,G165,M016
019-01-0002,CEGL007773,A3294,G165,M016
111-06-1350,CEGL007773,A3294,G165,M016
120-06-1434,CEGL007773,A3294,G165,M016
129-05-1501,CEGL007773,A3294,G165,M016
142-06-1652,CEGL007773,A3294,G165,M016
111-06-1351,CEGL007773,A3294,G165,M016
129-07-1500,CEGL007773,A3294,G165,M016
118-42-0504,CEGL007773,A3294,G165,M016
120-02-1430,CEGL007773,A3294,G165,M016
135-09-1604,CEGL007773,A3294,G165,M016
118-42-0014,CEGL007773,A3294,G165,M016
135-04-1606,CEGL007773,A3294,G165,M016
118-42-0501,CEGL007773,A3294,G165,M016
082-01-1100,CEGL007773,A3294,G165,M016
111-06-1361,CEGL007773,A3294,G165,M016
085-FPMR-0015,CEGL003722,A3294,G165,M016
085-QMMR-0002,CEGL003722,A3294,G165,M016
103-COWP-0016,CEGL003722,A3294,G165,M016
085-QMMR-0004,CEGL003722,A3294,G165,M016
085-FPMR-0013,CEGL003722,A3294,G165,M016
085-FPMR-0012,CEGL003722,A3294,G165,M016
085-FPMR-0004,CEGL003722,A3294,G165,M016
085-FPMR-0014,CEGL003722,A3294,G165,M016
118-42-0031,CEGL007927,A3294,G165,M016
129-07-1505,CEGL007927,A3294,G165,M016
046-06-0662,CEGL007927,A3294,G165,M016
019-01-0017,CEGL007927,A3294,G165,M016
052-03-0807,CEGL007927,A3294,G165,M016
004-07-0152,CEGL007927,A3294,G165,M016
134-12-1545,CEGL007927,A3294,G165,M016
135-01-1605,CEGL007927,A3294,G165,M016
138-03-1621,CEGL007927,A3294,G165,M016
046-05-0666,CEGL007927,A3294,G165,M016
118-42-0581,CEGL007927,A3294,G165,M016
046-07-0661,CEGL007927,A3294,G165,M016
146-07-1680,CEGL007927,A3294,G165,M016
128-05-1471,CEGL007927,A3294,G165,M016
103-COWP-0005,CEGL007927,A3294,G165,M016
128-06-1475,CEGL007927,A3294,G165,M016
103-COWP-0015,CEGL007927,A3294,G165,M016
129-06-1512,CEGL007927,A3294,G165,M016
118-42-0008,CEGL007927,A3294,G165,M016
118-42-0002,CEGL007927,A3294,G165,M016
118-42-0067,CEGL007927,A3294,G165,M016
129-06-1508,CEGL007927,A3294,G165,M016
120-01-1439,CEGL007927,A3294,G165,M016
103-COWP-0007,CEGL007927,A3294,G165,M016
111-01-1360,CEGL007927,A3294,G165,M016
129-01-1503,CEGL007927,A3294,G165,M016
118-42-0021,CEGL007927,A3294,G165,M016
129-01-1505,CEGL007927,A3294,G165,M016
019-01-0021,CEGL007927,A3294,G165,M016
004-04-0160,CEGL007927,A3294,G165,M016
059-08-0852,CEGL007927,A3294,G165,M016
089-06-1226,CEGL007927,A3294,G165,M016
138-01-1627,CEGL004416,A3294,G165,M016
135-04-1605,CEGL004416,A3294,G165,M016
004-04-0154,CEGL004416,A3294,G165,M016
019-01-0018,CEGL004037,A4434,G165,M016
085-KERR-0014,CEGL004037,A4434,G165,M016
120-04-1437,CEGL004037,A4434,G165,M016
019-01-0015,CEGL004037,A4434,G165,M016
004-01-0156,CEGL004037,A4434,G165,M016
129-04-1502,CEGL003558,A4434,G165,M016
129-05-1504,CEGL003558,A4434,G165,M016
059-07-0850,CEGL003711,A4434,G165,M016
059-04-0850,CEGL003711,A4434,G165,M016
059-01-0851,CEGL003711,A4434,G165,M016
085-NELS-0001,CEGL004413,A4434,G165,M016
004-06-0152,CEGL004413,A4434,G165,M016
004-04-0158,CEGL004413,A4434,G165,M016
004-04-0157,CEGL004413,A4434,G165,M016
120-01-1433,CEGL004413,A4434,G165,M016
004-05-0156,CEGL003713,A4434,G165,M016
135-04-1601,CEGL003713,A4434,G165,M016
004-01-0150,CEGL003713,A4434,G165,M016
111-06-1352,CEGL003713,A4434,G165,M016
138-01-1621,CEGL003713,A4434,G165,M016
128-04-1476,CEGL003713,A4434,G165,M016
111-07-1353,CEGL003713,A4434,G165,M016
059-08-0850,CEGL003713,A4434,G165,M016
129-04-1513,CEGL003713,A4434,G165,M016
004-02-0161,CEGL003713,A4434,G165,M016
004-04-0161,CEGL003713,A4434,G165,M016
085-CUSF-0019,CEGL003714,A4434,G165,M016
085-CUSF-0030,CEGL003714,A4434,G165,M016
085-CUSF-0005,CEGL003714,A4434,G165,M016
129-07-1506,CEGL003714,A4434,G165,M016
085-CUSF-0012,CEGL003714,A4434,G165,M016
085-CUSF-0002,CEGL003714,A4434,G165,M016
085-CUMB-0004,CEGL003714,A4434,G165,M016
059-09-0850,CEGL003714,A4434,G165,M016
059-01-0850,CEGL003714,A4434,G165,M016
111-07-1352,CEGL003714,A4434,G165,M016
111-06-1358,CEGL003714,A4434,G165,M016
085-KERR-0010,CEGL003714,A4434,G165,M016
059-01-0849,CEGL003714,A4434,G165,M016
120-04-1435,CEGL003714,A4434,G165,M016
085-PITT-0011,CEGL003714,A4434,G165,M016
085-KERR-0012,CEGL003714,A4434,G165,M016
085-KERR-0037,CEGL003714,A4434,G165,M016
085-HALI-0002,CEGL003714,A4434,G165,M016
134-12-1544,CEGL003714,A4434,G165,M016
120-07-1430,CEGL003714,A4434,G165,M016
111-01-1356,CEGL003714,A4434,G165,M016
085-BUCK-0005,CEGL003714,A4434,G165,M016
085-ALBE-0007,CEGL003714,A4434,G165,M016
111-01-1354,CEGL003714,A4434,G165,M016
085-CUSF-0035,CEGL003714,A4434,G165,M016
085-BRUN-0004,CEGL003714,A4434,G165,M016
134-06-1540,CEGL003714,A4434,G165,M016
085-CUSF-0031,CEGL003714,A4434,G165,M016
111-03-1352,CEGL003714,A4434,G165,M016
059-08-0851,CEGL003714,A4434,G165,M016
128-03-1471,CEGL003714,A4434,G165,M016
085-KERR-0011,CEGL003714,A4434,G165,M016
128-05-1473,CEGL003714,A4434,G165,M016
085-CUSF-0033P,CEGL003714,A4434,G165,M016
085-CUSF-0032,CEGL003714,A4434,G165,M016
118-42-0051,CEGL003714,A4434,G165,M016
118-42-0526,CEGL003714,A4434,G165,M016
004-07-0150,CEGL008437,A3272,G012,M016
004-02-0157,CEGL008437,A3272,G012,M016
128-03-1470,CEGL008437,A3272,G012,M016
004-01-0154,CEGL008437,A3272,G012,M016
081-02-1309,CEGL008437,A3272,G012,M016
004-03-0150,CEGL008437,A3272,G012,M016
136-01-0048,CEGL007312,A3699,G673,M029
085-TURK-0006,CEGL006459,A3701,G673,M029
085-GFNP-0038,CEGL006492,A3701,G673,M029
085-ALBE-0012,CEGL006492,A3701,G673,M029
085-BUCK-0003,CEGL006492,A3701,G673,M029
085-FAIR-0027,CEGL004643,A4476,G918,M503
004-01-0146,CEGL004551,A3358,G044,M503
004-05-0153,CEGL004551,A3358,G044,M503
004-06-0153,CEGL004781,A3358,G044,M503
004-05-0155,CEGL004550,A3430,G654,M503
120-01-1431,CEGL004042,A3430,G654,M503
004-04-0151,CEGL007403,A3430,G654,M503
111-03-1351,CEGL007403,A3430,G654,M503
114-01-0076,CEGL007403,A3430,G654,M503
120-04-1436,CEGL007403,A3430,G654,M503
004-05-0150,CEGL007403,A3430,G654,M503
120-07-1431,CEGL007403,A3430,G654,M503
085-PWFP-0026,CEGL007403,A3430,G654,M503
019-01-0016,CEGL007403,A3430,G654,M503
004-05-0151,CEGL007403,A3430,G654,M503
085-RNBP-0005,CEGL004644,A3443,G130,M033
118-42-0578,CEGL007546,A3345,G553,M310
004-06-0165,CEGL007546,A3345,G553,M310
118-42-0029,CEGL007546,A3345,G553,M310
085-SPOT-0004,CEGL006493,A4439,G034,M031
136-01-0025,CEGL004418,A3626,G034,M031
136-01-0023,CEGL004418,A3626,G034,M031
136-01-0022,CEGL004418,A3626,G034,M031
136-01-0030,CEGL004418,A3626,G034,M031
136-01-0031,CEGL004418,A3626,G034,M031
136-01-0027,CEGL004418,A3626,G034,M031
136-01-0034,CEGL004418,A3626,G034,M031
136-01-0029,CEGL004418,A3626,G034,M031
136-01-0041,CEGL004418,A3626,G034,M031
085-FBMR-0058,CEGL004418,A3626,G034,M031
136-01-0018,CEGL004418,A3626,G034,M031
136-01-0020,CEGL004418,A3626,G034,M031
136-01-0006,CEGL004418,A3626,G034,M031
136-01-0011,CEGL004418,A3626,G034,M031
136-01-0040,CEGL004418,A3626,G034,M031
136-01-0010,CEGL004418,A3626,G034,M031
136-01-0039,CEGL004418,A3626,G034,M031
136-01-0037,CEGL004418,A3626,G034,M031
136-01-0015,CEGL004418,A3626,G034,M031
136-01-0017,CEGL004418,A3626,G034,M031
136-01-0033,CEGL004418,A3626,G034,M031
136-01-0012,CEGL004418,A3626,G034,M031
136-01-0054,CEGL004418,A3626,G034,M031
136-01-0047,CEGL004418,A3626,G034,M031
059-08-0855,CEGL004418,A3626,G034,M031
136-01-0050,CEGL004418,A3626,G034,M031
085-FBMR-0064,CEGL004418,A3626,G034,M031
136-01-0045,CEGL004418,A3626,G034,M031
004-07-0153,CEGL004418,A3626,G034,M031
019-01-0025,CEGL004418,A3626,G034,M031
004-05-0152,CEGL004418,A3626,G034,M031
085-FBMR-0053,CEGL004418,A3626,G034,M031
118-42-0582,CEGL004418,A3626,G034,M031
085-FBMR-0057,CEGL004418,A3626,G034,M031
004-04-0145,CEGL004418,A3626,G034,M031
004-01-0151,CEGL004418,A3626,G034,M031
136-01-0036,CEGL004900,A3626,G034,M031
136-01-0043,CEGL004900,A3626,G034,M031
141-01-0020,CEGL004900,A3626,G034,M031
141-01-0002,CEGL004900,A3626,G034,M031
141-01-0005,CEGL004900,A3626,G034,M031
082-07-1106,CEGL007397,A3629,G034,M031
134-07-1540,CEGL008487,A3630,G034,M031
059-04-0856,CEGL008487,A3630,G034,M031
129-08-1502,CEGL007321,A3633,G034,M031
136-01-0032,CEGL007321,A3633,G034,M031
136-01-0002,CEGL007321,A3633,G034,M031
136-01-0009,CEGL007321,A3633,G034,M031
136-01-0038,CEGL007013,A3633,G034,M031
136-01-0021,CEGL007013,A3633,G034,M031
136-01-0014,CEGL007013,A3633,G034,M031
134-07-1542,CEGL007013,A3633,G034,M031
134-03-1541,CEGL007013,A3633,G034,M031
136-01-0016,CEGL007013,A3633,G034,M031
136-01-0028,CEGL007013,A3633,G034,M031
074-07-0020,CEGL007006,A3633,G034,M031
120-07-1433,CEGL007006,A3633,G034,M031
136-01-0026,CEGL007006,A3633,G034,M031
105-NISI-0007,CEGL007006,A3633,G034,M031
136-01-0035,CEGL007006,A3633,G034,M031
136-01-0024,CEGL007006,A3633,G034,M031
136-01-0003,CEGL007006,A3633,G034,M031
004-01-0145,CEGL007006,A3633,G034,M031
136-01-0052,CEGL007356,A3633,G034,M031
082-04-1112,CEGL007356,A3633,G034,M031
085-KERR-0015,CEGL006498,A3633,G034,M031
085-KERR-0019,CEGL006498,A3633,G034,M031
085-FPMR-0020,CEGL006498,A3633,G034,M031
018-0A-0019,CEGL003752,A2074,G180,M506
142-09-1650,CEGL003752,A2074,G180,M506
142-09-1646,CEGL003752,A2074,G180,M506
018-0A-0018,CEGL003752,A2074,G180,M506
018-0A-0017,CEGL003752,A2074,G180,M506
085-NAKE-0002P,CEGL003683,A2074,G180,M506
085-FRAN-0011,CEGL003683,A2074,G180,M506
085-WATM-0053,CEGL003683,A2074,G180,M506
085-ALBE-0005,CEGL003683,A2074,G180,M506
085-PITT-0003,CEGL003683,A2074,G180,M506
085-FRAN-0016,CEGL003683,A2074,G180,M506
085-FRAN-0012,CEGL003683,A2074,G180,M506
085-GRAS-0101,CEGL003683,A2074,G180,M506
085-FRAN-0013,CEGL006294,A2074,G180,M506
085-FRAN-0014,CEGL006294,A2074,G180,M506
085-NAKE-0001P,CEGL006037,A2074,G180,M506
085-NELS-0002,CEGL006037,A2074,G180,M506
129-01-1511,CEGL007045,A4679,G180,M506
142-09-1640,CEGL004992,A3469,G180,M506
047-04-0703,CEGL004298,A3962,G671,M506
046-04-0663,CEGL004990,A3960,G670,M506
046-08-0660,CEGL004990,A3960,G670,M506
138-06-1622,CEGL004990,A3960,G670,M506
042-04-0632,CEGL003993,A3960,G670,M506
052-01-0803,CEGL003993,A3960,G670,M506
111-04-1343,CEGL003993,A3960,G670,M506
129-01-1510,CEGL003993,A3960,G670,M506
129-13-1502,CEGL003993,A3960,G670,M506
042-04-0631,CEGL003993,A3960,G670,M506
046-04-0665,CEGL003993,A3960,G670,M506
111-04-1350,CEGL003993,A3960,G670,M506
059-04-0852,CEGL004910,A3960,G670,M506
052-05-0801,CEGL004910,A3960,G670,M506
138-04-1631,CEGL004910,A3960,G670,M506
111-04-1351,CEGL004910,A3960,G670,M506
004-04-0152,CEGL004910,A3960,G670,M506
135-11-1601,CEGL004910,A3960,G670,M506
129-07-1502,CEGL004910,A3960,G670,M506
059-05-0853,CEGL004910,A3960,G670,M506
134-07-1545,CEGL004910,A3960,G670,M506
052-01-0809,CEGL004910,A3960,G670,M506
135-04-1604,CEGL004910,A3960,G670,M506
135-09-1603,CEGL004910,A3960,G670,M506
042-04-0633,CEGL007690,A3961,G670,M506
042-04-0634,CEGL007690,A3961,G670,M506
046-04-0667,CEGL007690,A3961,G670,M506
103-COWP-0011,CEGL004044,A3321,G583,M307
105-NISI-0003,CEGL004048,A3321,G583,M307
105-NISI-0009,CEGL004048,A3321,G583,M307
103-COWP-0002,CEGL004732,A3322,G583,M307
103-COWP-0012,CEGL004732,A3322,G583,M307
103-COWP-0003,CEGL004732,A3322,G583,M307
085-KERR-0016,CEGL004291,A3669,G125,M069
085-GFNP-0024,CEGL006478,A2069,G753,M881
085-GFNP-0028,CEGL006478,A2069,G753,M881
085-GFNP-0026,CEGL006478,A2069,G753,M881
085-GFNP-0033,CEGL006478,A2069,G753,M881
085-MADS-0025,CEGL006478,A2069,G753,M881
085-MADS-0019,CEGL006478,A2069,G753,M881
004-05-0177,CEGL004459,A3795,G753,M881